,ID==>>,friendID
0,1141244468802097154,1212275721382424576
1,1141244468802097154,1175695152259555329
2,1141244468802097154,989880640035176453
3,1141244468802097154,1154216693188534273
4,1141244468802097154,4788613854
5,1141244468802097154,737296927973203968
6,1141244468802097154,1137350041020952578
7,1141244468802097154,1051419645901660160
8,1141244468802097154,3143283955
9,1141244468802097154,895116254159052800
10,1141244468802097154,2829495248
11,1141244468802097154,1187517058394673152
12,1141244468802097154,816671598
13,1141244468802097154,1095617208506433536
14,1141244468802097154,1147844956888764418
15,1141244468802097154,834951775484428288
16,1141244468802097154,408232285
17,1141244468802097154,827180776349249536
18,1141244468802097154,1199183176729419777
19,1141244468802097154,880792549677449216
20,1141244468802097154,833001509377806336
21,1141244468802097154,1060424919719141376
22,1141244468802097154,132463574
23,1141244468802097154,179415721
24,1141244468802097154,852657620
25,1141244468802097154,1174951102418051072
26,1141244468802097154,1117716662101274624
27,1141244468802097154,1125052457996865543
28,1141244468802097154,971943769997131776
29,1141244468802097154,1122502940206362624
30,1141244468802097154,742666011049000965
31,1141244468802097154,840203521295237120
32,1141244468802097154,774977615438372864
33,1141244468802097154,3191990324
34,1141244468802097154,3191990324
35,1141244468802097154,2522488327
36,1103548121513046016,1123854862603759619
37,1103548121513046016,1121759253335662592
38,1103548121513046016,1215466179730399232
39,1103548121513046016,1141222298344493056
40,1103548121513046016,2522488327
41,1103548121513046016,2280885108
42,1103548121513046016,851457662168387584
43,1103548121513046016,1178167360361943041
44,1103548121513046016,863397297287159808
45,1103548121513046016,1166329931934003200
46,1103548121513046016,870281092422443008
47,1103548121513046016,1211231810157346817
48,1103548121513046016,2779662181
49,1103548121513046016,1007517954555035649
50,1103548121513046016,1145887379762270208
51,1103548121513046016,1209017780525125633
52,1103548121513046016,2229210211
53,1103548121513046016,785115737048231936
54,1103548121513046016,728242563342176258
55,1103548121513046016,1033184963686948865
56,1103548121513046016,1000762715684532224
57,1103548121513046016,968092093468962817
58,1103548121513046016,1198864286719692800
59,1103548121513046016,1094883880891408385
60,1103548121513046016,1194549332055183361
61,1103548121513046016,2467339838
62,1103548121513046016,974436904702590976
63,1103548121513046016,3129652874
64,1103548121513046016,1193136416525406208
65,1103548121513046016,2279991858
66,1103548121513046016,1192413270683947008
67,1103548121513046016,1190283689713815552
68,1103548121513046016,633106564
69,1103548121513046016,132521693
70,1103548121513046016,1186158530786516992
71,1103548121513046016,1073969322928701442
72,1103548121513046016,23961087
73,1212798792698695680,3146096034
74,1212798792698695680,1101649296414277633
75,1212798792698695680,1219399194
76,1212798792698695680,462584388
77,1212798792698695680,8733162
78,1212798792698695680,292907264
79,1212798792698695680,903522911809486848
80,1212798792698695680,3561931998
81,1212798792698695680,2727959508
82,1212798792698695680,58459939
83,1212798792698695680,264135316
84,1212798792698695680,74674685
85,1212798792698695680,916952625492377600
86,1212798792698695680,60320929
87,1212798792698695680,336480031
88,1212798792698695680,114352371
89,1212798792698695680,1630313022
90,1212798792698695680,192034791
91,1212798792698695680,717636564185026561
92,1212798792698695680,146392679
93,1212798792698695680,1014766164348583938
94,1212798792698695680,172691134
95,1212798792698695680,258999740
96,1212798792698695680,1115170181502734338
97,1212798792698695680,134045454
98,1212798792698695680,4627945218
99,1212798792698695680,149132541
100,1212798792698695680,2333680964
101,1212798792698695680,205486589
102,1212798792698695680,19582927
103,1212798792698695680,62261018
104,1212798792698695680,2217714500
105,1212798792698695680,170670333
106,1212798792698695680,340859143
107,1212798792698695680,1140530892445646850
108,1212798792698695680,4687524012
109,1212798792698695680,2522488327
110,753066658340536320,1217080125369438210
111,753066658340536320,3611048172
112,753066658340536320,3411159024
113,753066658340536320,1168388072318197760
114,753066658340536320,1368786174
115,753066658340536320,1429984261
116,753066658340536320,952836147155054592
117,753066658340536320,3247270494
118,753066658340536320,2991124760
119,753066658340536320,851040615789862912
120,753066658340536320,1029551973689778176
121,753066658340536320,592506046
122,753066658340536320,834271340907491329
123,753066658340536320,189893767
124,753066658340536320,939586735826194432
125,753066658340536320,213213134
126,753066658340536320,324818592
127,753066658340536320,1020454227334721536
128,753066658340536320,114483804
129,753066658340536320,1906931864
130,753066658340536320,202215362
131,753066658340536320,1859171004
132,753066658340536320,122043137
133,753066658340536320,843248705620738048
134,753066658340536320,2848085012
135,753066658340536320,754586993732890628
136,753066658340536320,2257765104
137,753066658340536320,1457389459
138,753066658340536320,403473849
139,753066658340536320,865064923939840000
140,753066658340536320,114172774
141,753066658340536320,2897433854
142,753066658340536320,264250655
143,753066658340536320,137500865
144,753066658340536320,473771848
145,753066658340536320,724589700564967425
146,753066658340536320,2808941588
147,753066658340536320,3306955640
148,753066658340536320,590852358
149,1153914005532004352,1071344471508283392
150,1153914005532004352,1219881714136141824
151,1153914005532004352,11879022
152,1153914005532004352,137857547
153,1153914005532004352,1170513325664288769
154,1153914005532004352,1160822736077217792
155,1153914005532004352,752545281221095424
156,1153914005532004352,818091150141583361
157,1153914005532004352,2591402142
158,1153914005532004352,1168097503792660480
159,1153914005532004352,884658094558531584
160,1153914005532004352,850134721199652864
161,1153914005532004352,1051497963913019393
162,1153914005532004352,878743546349502464
163,1153914005532004352,1031183514530603011
164,1153914005532004352,3126621218
165,1153914005532004352,4616324473
166,1153914005532004352,1158958154375262208
167,1153914005532004352,3503222540
168,1153914005532004352,1185568038088658945
169,1153914005532004352,1087206157641383937
170,1153914005532004352,1046779873283342338
171,1153914005532004352,993028439631323137
172,1153914005532004352,938312303497351171
173,1153914005532004352,869511966783545344
174,1153914005532004352,2264478072
175,1153914005532004352,2967497460
176,1153914005532004352,801437772028354560
177,1153914005532004352,930020777209896960
178,1153914005532004352,4766188938
179,1153914005532004352,1156832567342989312
180,1153914005532004352,997095300236853250
181,1153914005532004352,134687225
182,1153914005532004352,1045725499173953537
183,1104361937519824896,112480180
184,1104361937519824896,1209704746191220736
185,1104361937519824896,23961087
186,1104361937519824896,2986368926
187,1104361937519824896,1181493162591653888
188,1104361937519824896,2995784497
189,1104361937519824896,970637290945986560
190,1104361937519824896,900487228966617088
191,1104361937519824896,1219938017235746816
192,1104361937519824896,2538651966
193,1104361937519824896,1035470327059378176
194,1104361937519824896,1154960967442190337
195,1104361937519824896,99205624
196,1104361937519824896,974202454970572801
197,1104361937519824896,705237576425168897
198,1104361937519824896,1009053319
199,1104361937519824896,761468129436323840
200,1104361937519824896,1214390639971880962
201,1104361937519824896,955828920464502785
202,1104361937519824896,899228891520172032
203,1104361937519824896,1069605914754277376
204,1104361937519824896,803219031545167872
205,1104361937519824896,885316365124419584
206,1104361937519824896,130979670
207,1104361937519824896,992718337372123137
208,1104361937519824896,731678526160523265
209,1104361937519824896,1368830592
210,1104361937519824896,745984333840670721
211,1104361937519824896,265462952
212,1104361937519824896,1172816484604579840
213,1104361937519824896,1172816484604579840
214,1104361937519824896,1014990937
215,1104361937519824896,1104611032582938624
216,1104361937519824896,1171277457485262848
217,1104361937519824896,2953095848
218,1104361937519824896,137857547
219,1104361937519824896,1000762715684532224
220,1104361937519824896,149132541
221,1104361937519824896,2522488327
222,1104361937519824896,1159861785932922881
223,1104361937519824896,1094883880891408385
224,1104361937519824896,847315328744865793
225,1104361937519824896,1137350535340683264
226,1104361937519824896,1336698314
227,1104361937519824896,1187517058394673152
228,3781739292,1964727108
229,3781739292,1169599548307558400
230,3781739292,1169599548307558400
231,3781739292,847315328744865793
232,3781739292,1215278330112397314
233,3781739292,1159861785932922881
234,3781739292,890430793318670336
235,3781739292,890430793318670336
236,3781739292,3256620086
237,3781739292,365352728
238,3781739292,1122661852045959169
239,3781739292,2332978009
240,3781739292,3274098889
241,3781739292,843864565716664321
242,3781739292,1211203574698401793
243,3781739292,1218040235461734401
244,3781739292,966339124989865984
245,3781739292,1217270146969960448
246,3781739292,830268763962384384
247,3781739292,846314212372594688
248,3781739292,1163813416147939331
249,3781739292,1038092301409509376
250,3781739292,1214179496816865280
251,3781739292,402137360
252,3781739292,1137350535340683264
253,3781739292,2957065604
254,3781739292,1128858535591235584
255,3781739292,1128858535591235584
256,3781739292,938281603
257,3781739292,860874372562558978
258,3781739292,1033012110563848192
259,3781739292,2175276342
260,3781739292,869533912069951488
261,3781739292,375386487
262,3781739292,2359578283
263,3781739292,2700843294
264,3781739292,809967587199160320
265,3781739292,803219031545167872
266,3781739292,137857547
267,3781739292,1166492759840178178
268,3781739292,1156019898478317569
269,1169599548307558400,264498059
270,1169599548307558400,881080255728844801
271,1169599548307558400,1158031999887523843
272,1169599548307558400,1112989464786173952
273,1169599548307558400,1159405489265844225
274,1169599548307558400,713193089490235392
275,1169599548307558400,967276136458698752
276,1169599548307558400,1030359575570989056
277,1169599548307558400,1166270456099295232
278,1169599548307558400,1166270456099295232
279,1169599548307558400,998222287525494784
280,1169599548307558400,348960284
281,1169599548307558400,1032174276453920768
282,1169599548307558400,3301208119
283,1169599548307558400,756403246428815360
284,1169599548307558400,4080278173
285,1169599548307558400,3172220719
286,1169599548307558400,790223113019531266
287,1169599548307558400,3029446762
288,1169599548307558400,1126834487936016385
289,1169599548307558400,125037905
290,1169599548307558400,1199663907138228225
291,1169599548307558400,825309871847256064
292,1169599548307558400,1143008211231895552
293,1169599548307558400,1157059878419984384
294,1169599548307558400,992225650395176961
295,1169599548307558400,732751824
296,1169599548307558400,843049739406864384
297,1169599548307558400,226876191
298,1169599548307558400,964811420767469568
299,1169599548307558400,759610484022661124
300,1169599548307558400,565118642
301,1169599548307558400,1086633520074641409
302,1169599548307558400,2320265804
303,1169599548307558400,1303944438
304,1169599548307558400,867773052683034626
305,1169599548307558400,2331223956
306,1169599548307558400,141302851
307,1169599548307558400,3781739292
308,1169599548307558400,3781739292
309,1169599548307558400,3781739292
310,1169599548307558400,3781739292
311,1169599548307558400,1137350535340683264
312,890430793318670336,3781739292
313,890430793318670336,3781739292
314,890430793318670336,3781739292
315,890430793318670336,3781739292
316,890430793318670336,1153563614684438528
317,890430793318670336,2449619606
318,890430793318670336,3191990324
319,890430793318670336,3191990324
320,890430793318670336,2447072790
321,890430793318670336,3171577495
322,890430793318670336,968032759745622016
323,890430793318670336,1194894166024572928
324,890430793318670336,972488274001342464
325,890430793318670336,4694011080
326,890430793318670336,3151169058
327,890430793318670336,1202200267820695553
328,890430793318670336,1156019898478317569
329,890430793318670336,1194895677681065984
330,890430793318670336,3017340654
331,890430793318670336,119710810
332,890430793318670336,1021492906463395840
333,890430793318670336,2741992800
334,890430793318670336,977358725299167232
335,890430793318670336,1043386103468711936
336,890430793318670336,2741686350
337,890430793318670336,1647867222
338,890430793318670336,1166492759840178178
339,890430793318670336,1181120934385614850
340,890430793318670336,1183400566413647877
341,890430793318670336,844095650367070208
342,890430793318670336,3118586363
343,890430793318670336,3147373625
344,890430793318670336,1166328538565238786
345,890430793318670336,1336698314
346,890430793318670336,1156955542318804993
347,890430793318670336,1165239990726492160
348,890430793318670336,1164854761276862464
349,890430793318670336,843672280982941697
350,890430793318670336,1011576736662708225
351,890430793318670336,1001869849428033536
352,1128858535591235584,1217455291622551554
353,1128858535591235584,1119942330402783234
354,1128858535591235584,1219526428154155008
355,1128858535591235584,3781739292
356,1128858535591235584,3781739292
357,1128858535591235584,3781739292
358,1128858535591235584,3781739292
359,1128858535591235584,1209010365532536832
360,1128858535591235584,1215096298472263680
361,1128858535591235584,1124492123984650241
362,1128858535591235584,3007809169
363,1128858535591235584,1188750563921383424
364,1128858535591235584,1207075155953930240
365,1128858535591235584,1063680282501365760
366,1128858535591235584,1185222021996634112
367,1128858535591235584,1194917630320103424
368,1128858535591235584,1104668310967279616
369,1128858535591235584,1632712338
370,1128858535591235584,1184828122866126850
371,1128858535591235584,1197476911095484416
372,1128858535591235584,1215417404911570949
373,1128858535591235584,933208364309291008
374,1128858535591235584,1196992360644628481
375,1128858535591235584,1197056636268863488
376,1128858535591235584,1213650917297254400
377,1128858535591235584,1159426974869118976
378,1128858535591235584,1088771223230722049
379,1128858535591235584,1211026113301897216
380,1128858535591235584,1117428474908561408
381,1128858535591235584,1204030754658770944
382,1128858535591235584,1194568173208489985
383,1128858535591235584,1147899591372619777
384,1128858535591235584,1176549837887508480
385,1128858535591235584,566206968
386,1128858535591235584,1200628338030608385
387,1128858535591235584,1208007701294268416
388,1128858535591235584,1203684366116720640
389,1128858535591235584,1128309748044943360
390,1128858535591235584,866142098663260160
391,1103625161654198272,1214390639971880962
392,1103625161654198272,1103548121513046016
393,1103625161654198272,1103548121513046016
394,1103625161654198272,1125052457996865543
395,1103625161654198272,1186158530786516992
396,1103625161654198272,2229210211
397,1103625161654198272,1198864286719692800
398,1217080125369438210,137857547
399,1217080125369438210,3151376016
400,1217080125369438210,202215362
401,1217080125369438210,114172774
402,1217080125369438210,213213134
403,1217080125369438210,592506046
404,1217080125369438210,753066658340536320
405,1217080125369438210,753066658340536320
406,1217080125369438210,869511966783545344
407,1217080125369438210,3611048172
408,1217080125369438210,1457389459
409,1217080125369438210,865064923939840000
410,1217080125369438210,403473849
411,1217080125369438210,189893767
412,1217080125369438210,851040615789862912
413,1071344471508283392,1153914005532004352
414,1071344471508283392,1153914005532004352
415,1071344471508283392,137857547
416,1071344471508283392,3503222540
417,1071344471508283392,3247270494
418,1071344471508283392,869511966783545344
419,1071344471508283392,938312303497351171
420,1071344471508283392,865064923939840000
421,1071344471508283392,2264478072
422,1964727108,264498059
423,1964727108,1158031999887523843
424,1964727108,1159405489265844225
425,1964727108,713193089490235392
426,1964727108,967276136458698752
427,1964727108,1030359575570989056
428,1964727108,1166270456099295232
429,1964727108,1166270456099295232
430,1964727108,998222287525494784
431,1964727108,1303944438
432,1964727108,141302851
433,1964727108,2331223956
434,1964727108,3781739292
435,1964727108,3781739292
436,1964727108,3781739292
437,1964727108,3781739292
438,1964727108,1137350535340683264
439,3781739292,1964727108
440,3781739292,1169599548307558400
441,3781739292,1169599548307558400
442,3781739292,847315328744865793
443,3781739292,1215278330112397314
444,3781739292,1159861785932922881
445,3781739292,890430793318670336
446,3781739292,890430793318670336
447,3781739292,3256620086
448,3781739292,365352728
449,3781739292,1122661852045959169
450,3781739292,2332978009
451,3781739292,3274098889
452,3781739292,843864565716664321
453,3781739292,1211203574698401793
454,3781739292,1218040235461734401
455,3781739292,966339124989865984
456,3781739292,1217270146969960448
457,3781739292,830268763962384384
458,3781739292,846314212372594688
459,3781739292,1163813416147939331
460,3781739292,1038092301409509376
461,3781739292,1214179496816865280
462,3781739292,402137360
463,3781739292,1137350535340683264
464,3781739292,2957065604
465,3781739292,1128858535591235584
466,3781739292,1128858535591235584
467,3781739292,938281603
468,3781739292,860874372562558978
469,3781739292,1033012110563848192
470,3781739292,2175276342
471,3781739292,869533912069951488
472,3781739292,375386487
473,3781739292,2359578283
474,3781739292,2700843294
475,3781739292,809967587199160320
476,3781739292,803219031545167872
477,3781739292,137857547
478,3781739292,1166492759840178178
479,3781739292,1156019898478317569
480,1217455291622551554,74674685
481,1217455291622551554,1128858535591235584
482,1217455291622551554,1128858535591235584
483,1217455291622551554,1197056636268863488
484,1217455291622551554,1203684366116720640
485,1012774148559364096,137857547
486,1125246688422064128,1101649296414277633
487,3611048172,1217080125369438210
488,3611048172,997095300236853250
489,3611048172,11879022
490,3611048172,843248705620738048
491,1219881714136141824,1153914005532004352
492,1219881714136141824,1153914005532004352
493,1219881714136141824,134687225
494,1219881714136141824,997095300236853250
495,1169599548307558400,264498059
496,1169599548307558400,881080255728844801
497,1169599548307558400,1158031999887523843
498,1169599548307558400,1112989464786173952
499,1169599548307558400,1159405489265844225
500,1169599548307558400,713193089490235392
501,1169599548307558400,967276136458698752
502,1169599548307558400,1030359575570989056
503,1169599548307558400,1166270456099295232
504,1169599548307558400,1166270456099295232
505,1169599548307558400,998222287525494784
506,1169599548307558400,348960284
507,1169599548307558400,1032174276453920768
508,1169599548307558400,3301208119
509,1169599548307558400,756403246428815360
510,1169599548307558400,4080278173
511,1169599548307558400,3172220719
512,1169599548307558400,790223113019531266
513,1169599548307558400,3029446762
514,1169599548307558400,1126834487936016385
515,1169599548307558400,125037905
516,1169599548307558400,1199663907138228225
517,1169599548307558400,825309871847256064
518,1169599548307558400,1143008211231895552
519,1169599548307558400,1157059878419984384
520,1169599548307558400,992225650395176961
521,1169599548307558400,732751824
522,1169599548307558400,843049739406864384
523,1169599548307558400,226876191
524,1169599548307558400,964811420767469568
525,1169599548307558400,759610484022661124
526,1169599548307558400,1086633520074641409
527,1169599548307558400,565118642
528,1169599548307558400,2320265804
529,1169599548307558400,1303944438
530,1169599548307558400,867773052683034626
531,1169599548307558400,2331223956
532,1169599548307558400,141302851
533,1169599548307558400,3781739292
534,1169599548307558400,3781739292
535,1169599548307558400,3781739292
536,1169599548307558400,3781739292
537,1169599548307558400,1137350535340683264
538,1153563614684438528,890430793318670336
539,1153563614684438528,890430793318670336
540,1153563614684438528,2175276342
541,1153563614684438528,1964727108
542,1153563614684438528,1156019898478317569
543,1153563614684438528,3781739292
544,1153563614684438528,3781739292
545,1153563614684438528,3781739292
546,1153563614684438528,3781739292
547,1153563614684438528,3191990324
548,1153563614684438528,3191990324
549,1153563614684438528,1336698314
550,1119942330402783234,1632712338
551,1119942330402783234,1128858535591235584
552,1119942330402783234,1128858535591235584
553,1119942330402783234,1194917630320103424
554,1119942330402783234,1196992360644628481
555,1119942330402783234,1209010365532536832
556,1119942330402783234,1203684366116720640
557,1119942330402783234,1204030754658770944
558,1141244468802097154,1212275721382424576
559,1141244468802097154,1175695152259555329
560,1141244468802097154,989880640035176453
561,1141244468802097154,1154216693188534273
562,1141244468802097154,4788613854
563,1141244468802097154,737296927973203968
564,1141244468802097154,1137350041020952578
565,1141244468802097154,1051419645901660160
566,1141244468802097154,3143283955
567,1141244468802097154,895116254159052800
568,1141244468802097154,2829495248
569,1141244468802097154,1187517058394673152
570,1141244468802097154,816671598
571,1141244468802097154,1095617208506433536
572,1141244468802097154,1147844956888764418
573,1141244468802097154,834951775484428288
574,1141244468802097154,408232285
575,1141244468802097154,827180776349249536
576,1141244468802097154,1199183176729419777
577,1141244468802097154,880792549677449216
578,1141244468802097154,833001509377806336
579,1141244468802097154,1060424919719141376
580,1141244468802097154,132463574
581,1141244468802097154,179415721
582,1141244468802097154,852657620
583,1141244468802097154,1174951102418051072
584,1141244468802097154,1117716662101274624
585,1141244468802097154,1125052457996865543
586,1141244468802097154,971943769997131776
587,1141244468802097154,1122502940206362624
588,1141244468802097154,742666011049000965
589,1141244468802097154,840203521295237120
590,1141244468802097154,774977615438372864
591,1141244468802097154,3191990324
592,1141244468802097154,3191990324
593,1141244468802097154,2522488327
594,1175695152259555329,851457662168387584
595,1121759253335662592,1103548121513046016
596,1121759253335662592,1103548121513046016
597,1121759253335662592,633106564
598,1121759253335662592,1166329931934003200
599,1121759253335662592,1033184963686948865
600,1101649296414277633,137857547
601,11879022,997095300236853250
602,11879022,1153914005532004352
603,11879022,1153914005532004352
604,11879022,2991124760
605,11879022,3306955640
606,11879022,843248705620738048
607,11879022,1457389459
608,11879022,865064923939840000
609,11879022,2808941588
610,847315328744865793,3781739292
611,847315328744865793,3781739292
612,847315328744865793,3781739292
613,847315328744865793,3781739292
614,847315328744865793,1215466179730399232
615,847315328744865793,2986368926
616,847315328744865793,1189693824441806848
617,847315328744865793,1170867354021982208
618,847315328744865793,1336698314
619,2449619606,890430793318670336
620,2449619606,890430793318670336
621,2449619606,1035470327059378176
622,2449619606,1336698314
623,2449619606,742666011049000965
624,2449619606,869533912069951488
625,1219526428154155008,1128858535591235584
626,1219526428154155008,1128858535591235584
627,1103548121513046016,1123854862603759619
628,1103548121513046016,1121759253335662592
629,1103548121513046016,1215466179730399232
630,1103548121513046016,1141222298344493056
631,1103548121513046016,2522488327
632,1103548121513046016,2280885108
633,1103548121513046016,851457662168387584
634,1103548121513046016,1178167360361943041
635,1103548121513046016,863397297287159808
636,1103548121513046016,1166329931934003200
637,1103548121513046016,870281092422443008
638,1103548121513046016,1211231810157346817
639,1103548121513046016,2779662181
640,1103548121513046016,1007517954555035649
641,1103548121513046016,1145887379762270208
642,1103548121513046016,1209017780525125633
643,1103548121513046016,2229210211
644,1103548121513046016,785115737048231936
645,1103548121513046016,728242563342176258
646,1103548121513046016,1033184963686948865
647,1103548121513046016,1000762715684532224
648,1103548121513046016,968092093468962817
649,1103548121513046016,1198864286719692800
650,1103548121513046016,1094883880891408385
651,1103548121513046016,1194549332055183361
652,1103548121513046016,2467339838
653,1103548121513046016,974436904702590976
654,1103548121513046016,3129652874
655,1103548121513046016,1193136416525406208
656,1103548121513046016,2279991858
657,1103548121513046016,1192413270683947008
658,1103548121513046016,1190283689713815552
659,1103548121513046016,633106564
660,1103548121513046016,132521693
661,1103548121513046016,1186158530786516992
662,1103548121513046016,1073969322928701442
663,1103548121513046016,23961087
664,989880640035176453,1001869849428033536
665,989880640035176453,2995784497
666,989880640035176453,1021492906463395840
667,989880640035176453,847315328744865793
668,1215466179730399232,1035470327059378176
669,1215466179730399232,1336698314
670,1215466179730399232,1103548121513046016
671,1215466179730399232,1103548121513046016
672,1215466179730399232,2986368926
673,1215466179730399232,1170867354021982208
674,1215466179730399232,3191990324
675,1215466179730399232,3191990324
676,1215466179730399232,761468129436323840
677,2986368926,1209017780525125633
678,2986368926,1172816484604579840
679,2986368926,1172816484604579840
680,2986368926,1336698314
681,2986368926,2741992800
682,2986368926,1166492759840178178
683,2986368926,970637290945986560
684,2986368926,847315328744865793
685,2986368926,1189693824441806848
686,2986368926,1112569799337336834
687,3191990324,1166270456099295232
688,3191990324,1166270456099295232
689,3191990324,890430793318670336
690,3191990324,890430793318670336
691,3191990324,998222287525494784
692,3191990324,847315328744865793
693,3191990324,1166328538565238786
694,3191990324,3781739292
695,3191990324,3781739292
696,3191990324,3781739292
697,3191990324,3781739292
698,3781739292,1964727108
699,3781739292,1169599548307558400
700,3781739292,1169599548307558400
701,3781739292,847315328744865793
702,3781739292,1215278330112397314
703,3781739292,1159861785932922881
704,3781739292,890430793318670336
705,3781739292,890430793318670336
706,3781739292,3256620086
707,3781739292,365352728
708,3781739292,1122661852045959169
709,3781739292,2332978009
710,3781739292,3274098889
711,3781739292,843864565716664321
712,3781739292,1211203574698401793
713,3781739292,1218040235461734401
714,3781739292,966339124989865984
715,3781739292,1217270146969960448
716,3781739292,830268763962384384
717,3781739292,846314212372594688
718,3781739292,1163813416147939331
719,3781739292,1038092301409509376
720,3781739292,1214179496816865280
721,3781739292,402137360
722,3781739292,1137350535340683264
723,3781739292,2957065604
724,3781739292,1128858535591235584
725,3781739292,1128858535591235584
726,3781739292,938281603
727,3781739292,860874372562558978
728,3781739292,1033012110563848192
729,3781739292,2175276342
730,3781739292,869533912069951488
731,3781739292,375386487
732,3781739292,2359578283
733,3781739292,2700843294
734,3781739292,809967587199160320
735,3781739292,803219031545167872
736,3781739292,137857547
737,3781739292,1166492759840178178
738,3781739292,1156019898478317569
739,1202749182521397248,74674685
740,1202749182521397248,2522488327
741,1091311402621460481,1101649296414277633
742,1368786174,137857547
743,1368786174,753066658340536320
744,1368786174,753066658340536320
745,1159861785932922881,3781739292
746,1159861785932922881,3781739292
747,1159861785932922881,3781739292
748,1159861785932922881,3781739292
749,2447072790,890430793318670336
750,2447072790,890430793318670336
751,2447072790,3171577495
752,2447072790,2995784497
753,1209010365532536832,566206968
754,1209010365532536832,1128858535591235584
755,1209010365532536832,1128858535591235584
756,1212798792698695680,3146096034
757,1212798792698695680,1101649296414277633
758,1212798792698695680,1219399194
759,1212798792698695680,462584388
760,1212798792698695680,8733162
761,1212798792698695680,292907264
762,1212798792698695680,903522911809486848
763,1212798792698695680,3561931998
764,1212798792698695680,2727959508
765,1212798792698695680,58459939
766,1212798792698695680,264135316
767,1212798792698695680,74674685
768,1212798792698695680,916952625492377600
769,1212798792698695680,60320929
770,1212798792698695680,336480031
771,1212798792698695680,114352371
772,1212798792698695680,1630313022
773,1212798792698695680,192034791
774,1212798792698695680,717636564185026561
775,1212798792698695680,146392679
776,1212798792698695680,1014766164348583938
777,1212798792698695680,172691134
778,1212798792698695680,258999740
779,1212798792698695680,1115170181502734338
780,1212798792698695680,134045454
781,1212798792698695680,4627945218
782,1212798792698695680,149132541
783,1212798792698695680,2333680964
784,1212798792698695680,205486589
785,1212798792698695680,19582927
786,1212798792698695680,62261018
787,1212798792698695680,2217714500
788,1212798792698695680,170670333
789,1212798792698695680,340859143
790,1212798792698695680,1140530892445646850
791,1212798792698695680,4687524012
792,1212798792698695680,2522488327
793,4788613854,737296927973203968
794,4788613854,137857547
795,2522488327,1172816484604579840
796,2522488327,1172816484604579840
797,2522488327,2394707264
798,2522488327,1141244468802097154
799,2522488327,1141244468802097154
800,2522488327,1103548121513046016
801,2522488327,1103548121513046016
802,2522488327,1202749182521397248
803,2522488327,1212798792698695680
804,2522488327,1212798792698695680
805,2522488327,1090136724695482369
806,2522488327,816062813672083456
807,2522488327,783214
808,2522488327,753066658340536320
809,2522488327,753066658340536320
810,2522488327,1153914005532004352
811,2522488327,1153914005532004352
812,2522488327,4430612772
813,2522488327,1189693824441806848
814,2522488327,1166270456099295232
815,2522488327,1166270456099295232
816,2522488327,1206152426681618433
817,2522488327,2400020514
818,2522488327,3781739292
819,2522488327,3781739292
820,2522488327,3781739292
821,2522488327,3781739292
822,2522488327,1200979378999422976
823,2522488327,2304377690
824,2522488327,1170867354021982208
825,2522488327,1207351762010529793
826,2522488327,991123735
827,2522488327,263468136
828,2522488327,781217584477679617
829,2522488327,899931356053909504
830,2522488327,982590216023109632
831,2522488327,3151376016
832,2522488327,804602410328936448
833,2522488327,1001869849428033536
834,2522488327,3186302838
835,2522488327,1481025810
836,2522488327,836181447677370368
837,2522488327,1112569799337336834
838,2522488327,1159861785932922881
839,2522488327,2359578283
840,2522488327,1906931864
841,462584388,916952625492377600
842,462584388,717636564185026561
843,1429984261,1217080125369438210
844,1429984261,2991124760
845,1429984261,264250655
846,1429984261,592506046
847,1429984261,11879022
848,1429984261,137857547
849,1429984261,213213134
850,1429984261,3611048172
851,1429984261,865064923939840000
852,1429984261,869511966783545344
853,1429984261,952836147155054592
854,1170513325664288769,1045725499173953537
855,1170513325664288769,1168097503792660480
856,1170513325664288769,1153914005532004352
857,1170513325664288769,1153914005532004352
858,1170513325664288769,2264478072
859,2995784497,1217270146969960448
860,2995784497,1964727108
861,2995784497,1215466179730399232
862,2995784497,1153563614684438528
863,890430793318670336,3781739292
864,890430793318670336,3781739292
865,890430793318670336,3781739292
866,890430793318670336,3781739292
867,890430793318670336,1153563614684438528
868,890430793318670336,2449619606
869,890430793318670336,3191990324
870,890430793318670336,3191990324
871,890430793318670336,2447072790
872,890430793318670336,3171577495
873,890430793318670336,968032759745622016
874,890430793318670336,1194894166024572928
875,890430793318670336,972488274001342464
876,890430793318670336,4694011080
877,890430793318670336,3151169058
878,890430793318670336,1202200267820695553
879,890430793318670336,1156019898478317569
880,890430793318670336,1194895677681065984
881,890430793318670336,3017340654
882,890430793318670336,119710810
883,890430793318670336,1021492906463395840
884,890430793318670336,2741992800
885,890430793318670336,977358725299167232
886,890430793318670336,1043386103468711936
887,890430793318670336,2741686350
888,890430793318670336,1647867222
889,890430793318670336,1166492759840178178
890,890430793318670336,1181120934385614850
891,890430793318670336,1183400566413647877
892,890430793318670336,844095650367070208
893,890430793318670336,3118586363
894,890430793318670336,3147373625
895,890430793318670336,1166328538565238786
896,890430793318670336,1336698314
897,890430793318670336,1156955542318804993
898,890430793318670336,1165239990726492160
899,890430793318670336,1164854761276862464
900,890430793318670336,843672280982941697
901,890430793318670336,1011576736662708225
902,890430793318670336,1001869849428033536
903,1215096298472263680,1219526428154155008
904,1215096298472263680,1128858535591235584
905,1215096298472263680,1128858535591235584
906,1215096298472263680,1185222021996634112
907,1215096298472263680,1196992360644628481
908,1215096298472263680,1203684366116720640
909,1090136724695482369,137857547
910,1090136724695482369,3191990324
911,1090136724695482369,3191990324
912,1090136724695482369,840203521295237120
913,1090136724695482369,2522488327
914,1090136724695482369,1163813416147939331
915,1090136724695482369,1095617208506433536
916,1090136724695482369,1147844956888764418
917,737296927973203968,137857547
918,8733162,62261018
919,952836147155054592,137857547
920,952836147155054592,592506046
921,952836147155054592,2991124760
922,952836147155054592,851040615789862912
923,952836147155054592,213213134
924,952836147155054592,1429984261
925,952836147155054592,754586993732890628
926,952836147155054592,1457389459
927,952836147155054592,473771848
928,952836147155054592,114172774
929,952836147155054592,3247270494
930,952836147155054592,2848085012
931,952836147155054592,865064923939840000
932,952836147155054592,843248705620738048
933,952836147155054592,189893767
934,1160822736077217792,2264478072
935,1160822736077217792,1153914005532004352
936,1160822736077217792,1153914005532004352
937,1160822736077217792,1045725499173953537
938,1160822736077217792,818091150141583361
939,1160822736077217792,2591402142
940,1160822736077217792,1158958154375262208
941,1160822736077217792,993028439631323137
942,1160822736077217792,4766188938
943,1160822736077217792,997095300236853250
944,1160822736077217792,4616324473
945,1132355864663171072,2995784497
946,1132355864663171072,1336698314
947,1132355864663171072,3781739292
948,1132355864663171072,3781739292
949,1132355864663171072,3781739292
950,1132355864663171072,3781739292
951,968032759745622016,2467339838
952,968032759745622016,890430793318670336
953,968032759745622016,890430793318670336
954,968032759745622016,119710810
955,968032759745622016,1181120934385614850
956,968032759745622016,1336698314
957,968032759745622016,1170867354021982208
958,1124492123984650241,1104668310967279616
959,1124492123984650241,1128858535591235584
960,1124492123984650241,1128858535591235584
961,1124492123984650241,1197056636268863488
962,1137350041020952578,1141244468802097154
963,1137350041020952578,1141244468802097154
964,851457662168387584,1170867354021982208
965,851457662168387584,1103548121513046016
966,851457662168387584,1103548121513046016
967,851457662168387584,1198864286719692800
968,851457662168387584,1000762715684532224
969,851457662168387584,2467339838
970,3247270494,1217080125369438210
971,3247270494,1071344471508283392
972,3247270494,938312303497351171
973,3247270494,753066658340536320
974,3247270494,753066658340536320
975,3247270494,851040615789862912
976,3247270494,843248705620738048
977,3247270494,2991124760
978,3247270494,213213134
979,3247270494,865064923939840000
980,3247270494,592506046
981,3247270494,403473849
982,752545281221095424,1153914005532004352
983,752545281221095424,1153914005532004352
984,752545281221095424,997095300236853250
985,3256620086,114352371
986,3256620086,1000762715684532224
987,1194894166024572928,977358725299167232
988,1194894166024572928,1021492906463395840
989,1194894166024572928,890430793318670336
990,1194894166024572928,890430793318670336
991,1194894166024572928,1194895677681065984
992,1194894166024572928,1043386103468711936
993,1194894166024572928,1011576736662708225
994,3007809169,1632712338
995,3007809169,1128858535591235584
996,3007809169,1128858535591235584
997,3007809169,1200628338030608385
998,3007809169,1194917630320103424
999,1051419645901660160,1141244468802097154
1000,1051419645901660160,1141244468802097154
1001,1051419645901660160,1187517058394673152
1002,903522911809486848,1212798792698695680
1003,903522911809486848,1212798792698695680
1004,2991124760,1457389459
1005,2991124760,1906931864
1006,2991124760,213213134
1007,2991124760,938312303497351171
1008,2991124760,3611048172
1009,2991124760,753066658340536320
1010,2991124760,753066658340536320
1011,989817841271504897,1087206157641383937
1012,989817841271504897,1156832567342989312
1013,989817841271504897,1153914005532004352
1014,989817841271504897,1153914005532004352
1015,989817841271504897,818091150141583361
1016,989817841271504897,2591402142
1017,989817841271504897,1160822736077217792
1018,1188750563921383424,1128858535591235584
1019,1188750563921383424,1128858535591235584
1020,1188750563921383424,1185222021996634112
1021,1188750563921383424,1215096298472263680
1022,1188750563921383424,1214179496816865280
1023,1188750563921383424,1211026113301897216
1024,3143283955,1125052457996865543
1025,3143283955,137857547
1026,3143283955,1204030754658770944
1027,3143283955,1122502940206362624
1028,863397297287159808,1209017780525125633
1029,863397297287159808,1198864286719692800
1030,863397297287159808,1103548121513046016
1031,863397297287159808,1103548121513046016
1032,863397297287159808,1186158530786516992
1033,863397297287159808,1178167360361943041
1034,863397297287159808,633106564
1035,863397297287159808,1073969322928701442
1036,863397297287159808,1115170181502734338
1037,851040615789862912,1217080125369438210
1038,851040615789862912,4616324473
1039,851040615789862912,1168388072318197760
1040,851040615789862912,753066658340536320
1041,851040615789862912,753066658340536320
1042,851040615789862912,11879022
1043,851040615789862912,213213134
1044,851040615789862912,403473849
1045,851040615789862912,3247270494
1046,851040615789862912,3611048172
1047,851040615789862912,1457389459
1048,851040615789862912,2991124760
1049,851040615789862912,189893767
1050,851040615789862912,865064923939840000
1051,851040615789862912,592506046
1052,851040615789862912,473771848
1053,851040615789862912,114172774
1054,818091150141583361,1087206157641383937
1055,818091150141583361,1160822736077217792
1056,818091150141583361,850134721199652864
1057,818091150141583361,2591402142
1058,818091150141583361,1158958154375262208
1059,818091150141583361,1031183514530603011
1060,818091150141583361,869511966783545344
1061,818091150141583361,1153914005532004352
1062,818091150141583361,1153914005532004352
1063,818091150141583361,997095300236853250
1064,818091150141583361,801437772028354560
1065,753066658340536320,1217080125369438210
1066,753066658340536320,3611048172
1067,753066658340536320,3411159024
1068,753066658340536320,1168388072318197760
1069,753066658340536320,1368786174
1070,753066658340536320,1429984261
1071,753066658340536320,952836147155054592
1072,753066658340536320,3247270494
1073,753066658340536320,2991124760
1074,753066658340536320,851040615789862912
1075,753066658340536320,1029551973689778176
1076,753066658340536320,592506046
1077,753066658340536320,834271340907491329
1078,753066658340536320,189893767
1079,753066658340536320,939586735826194432
1080,753066658340536320,213213134
1081,753066658340536320,324818592
1082,753066658340536320,1020454227334721536
1083,753066658340536320,114483804
1084,753066658340536320,1906931864
1085,753066658340536320,202215362
1086,753066658340536320,1859171004
1087,753066658340536320,122043137
1088,753066658340536320,843248705620738048
1089,753066658340536320,2848085012
1090,753066658340536320,754586993732890628
1091,753066658340536320,2257765104
1092,753066658340536320,1457389459
1093,753066658340536320,403473849
1094,753066658340536320,865064923939840000
1095,753066658340536320,114172774
1096,753066658340536320,2897433854
1097,753066658340536320,264250655
1098,753066658340536320,137500865
1099,753066658340536320,473771848
1100,753066658340536320,724589700564967425
1101,753066658340536320,2808941588
1102,753066658340536320,3306955640
1103,753066658340536320,590852358
1104,1166329931934003200,785115737048231936
1105,1166329931934003200,2279991858
1106,1166329931934003200,137857547
1107,1166329931934003200,1209017780525125633
1108,2727959508,1212798792698695680
1109,2727959508,1212798792698695680
1110,2591402142,1160822736077217792
1111,2591402142,818091150141583361
1112,2591402142,1158958154375262208
1113,2591402142,3151376016
1114,2591402142,1045725499173953537
1115,2591402142,1168097503792660480
1116,2591402142,1153914005532004352
1117,2591402142,1153914005532004352
1118,2591402142,993028439631323137
1119,2591402142,134687225
1120,348960284,58459939
1121,348960284,74674685
1122,348960284,340859143
1123,1207075155953930240,1128858535591235584
1124,1207075155953930240,1128858535591235584
1125,1153914005532004352,1071344471508283392
1126,1153914005532004352,1219881714136141824
1127,1153914005532004352,11879022
1128,1153914005532004352,137857547
1129,1153914005532004352,1170513325664288769
1130,1153914005532004352,1160822736077217792
1131,1153914005532004352,752545281221095424
1132,1153914005532004352,818091150141583361
1133,1153914005532004352,2591402142
1134,1153914005532004352,1168097503792660480
1135,1153914005532004352,884658094558531584
1136,1153914005532004352,850134721199652864
1137,1153914005532004352,1051497963913019393
1138,1153914005532004352,878743546349502464
1139,1153914005532004352,1031183514530603011
1140,1153914005532004352,3126621218
1141,1153914005532004352,4616324473
1142,1153914005532004352,1158958154375262208
1143,1153914005532004352,3503222540
1144,1153914005532004352,1185568038088658945
1145,1153914005532004352,1087206157641383937
1146,1153914005532004352,1046779873283342338
1147,1153914005532004352,993028439631323137
1148,1153914005532004352,938312303497351171
1149,1153914005532004352,869511966783545344
1150,1153914005532004352,2264478072
1151,1153914005532004352,2967497460
1152,1153914005532004352,801437772028354560
1153,1153914005532004352,930020777209896960
1154,1153914005532004352,4766188938
1155,1153914005532004352,1156832567342989312
1156,1153914005532004352,997095300236853250
1157,1153914005532004352,134687225
1158,1153914005532004352,1045725499173953537
1159,968451800104812544,1141244468802097154
1160,968451800104812544,1141244468802097154
1161,968451800104812544,1159861785932922881
1162,968451800104812544,1174951102418051072
1163,1003625395550236673,137857547
1164,1003625395550236673,1101649296414277633
1165,592506046,3611048172
1166,592506046,403473849
1167,592506046,865064923939840000
1168,592506046,3247270494
1169,592506046,869511966783545344
1170,592506046,1906931864
1171,592506046,753066658340536320
1172,592506046,753066658340536320
1173,592506046,1457389459
1174,592506046,851040615789862912
1175,592506046,2991124760
1176,592506046,1859171004
1177,592506046,189893767
1178,592506046,114172774
1179,1168097503792660480,930020777209896960
1180,1035470327059378176,1215466179730399232
1181,1035470327059378176,1217270146969960448
1182,1035470327059378176,2449619606
1183,1035470327059378176,1214390639971880962
1184,1035470327059378176,1172816484604579840
1185,1035470327059378176,1172816484604579840
1186,1032174276453920768,1169599548307558400
1187,1032174276453920768,1169599548307558400
1188,1032174276453920768,137857547
1189,1063680282501365760,1176549837887508480
1190,4430612772,2522488327
1191,4430612772,137857547
1192,2829495248,899931356053909504
1193,1211231810157346817,785115737048231936
1194,834271340907491329,1071344471508283392
1195,834271340907491329,3411159024
1196,834271340907491329,265462952
1197,834271340907491329,3306955640
1198,834271340907491329,753066658340536320
1199,834271340907491329,753066658340536320
1200,834271340907491329,745984333840670721
1201,884658094558531584,1153914005532004352
1202,884658094558531584,1153914005532004352
1203,3274098889,1000762715684532224
1204,1156019898478317569,1153563614684438528
1205,1156019898478317569,781217584477679617
1206,1156019898478317569,137857547
1207,1156019898478317569,3274098889
1208,1156019898478317569,3781739292
1209,1156019898478317569,3781739292
1210,1156019898478317569,3781739292
1211,1156019898478317569,3781739292
1212,1185222021996634112,1215096298472263680
1213,1185222021996634112,1104668310967279616
1214,1185222021996634112,1128858535591235584
1215,1185222021996634112,1128858535591235584
1216,1185222021996634112,1194917630320103424
1217,1185222021996634112,1197056636268863488
1218,1185222021996634112,1196992360644628481
1219,1185222021996634112,1128309748044943360
1220,1185222021996634112,1209010365532536832
1221,1185222021996634112,1204030754658770944
1222,1185222021996634112,1188750563921383424
1223,1187517058394673152,1214390639971880962
1224,189893767,1217080125369438210
1225,189893767,1429984261
1226,189893767,2848085012
1227,189893767,851040615789862912
1228,189893767,1859171004
1229,189893767,114172774
1230,189893767,3611048172
1231,189893767,403473849
1232,189893767,592506046
1233,1144065311114534912,1087206157641383937
1234,1144065311114534912,1153914005532004352
1235,1144065311114534912,1153914005532004352
1236,1144065311114534912,1158958154375262208
1237,1144065311114534912,801437772028354560
1238,1144065311114534912,878743546349502464
1239,843864565716664321,998222287525494784
1240,843864565716664321,804602410328936448
1241,843864565716664321,60320929
1242,843864565716664321,149132541
1243,843864565716664321,1126834487936016385
1244,1004628181104525318,1159405489265844225
1245,1004628181104525318,890430793318670336
1246,1004628181104525318,890430793318670336
1247,1004628181104525318,1158031999887523843
1248,1194917630320103424,1219526428154155008
1249,1194917630320103424,1119942330402783234
1250,1194917630320103424,933208364309291008
1251,1194917630320103424,1197056636268863488
1252,1194917630320103424,1104668310967279616
1253,1194917630320103424,1128858535591235584
1254,1194917630320103424,1128858535591235584
1255,1194917630320103424,1185222021996634112
1256,1007517954555035649,633106564
1257,74674685,1140530892445646850
1258,74674685,112480180
1259,74674685,1630313022
1260,74674685,1020454227334721536
1261,74674685,62261018
1262,74674685,146392679
1263,952429738064191488,1153914005532004352
1264,952429738064191488,1153914005532004352
1265,952429738064191488,801437772028354560
1266,952429738064191488,865064923939840000
1267,99205624,781217584477679617
1268,99205624,1170867354021982208
1269,1211203574698401793,1964727108
1270,1211203574698401793,3781739292
1271,1211203574698401793,3781739292
1272,1211203574698401793,3781739292
1273,1211203574698401793,3781739292
1274,1211203574698401793,1153563614684438528
1275,1211203574698401793,1169599548307558400
1276,1211203574698401793,1169599548307558400
1277,4080278173,137857547
1278,1194895677681065984,2741992800
1279,1194895677681065984,972488274001342464
1280,1194895677681065984,1194894166024572928
1281,1194895677681065984,1043386103468711936
1282,1194895677681065984,1021492906463395840
1283,1194895677681065984,1011576736662708225
1284,1194895677681065984,890430793318670336
1285,1194895677681065984,890430793318670336
1286,1194895677681065984,3118586363
1287,1194895677681065984,2741686350
1288,1104668310967279616,566206968
1289,1104668310967279616,1124492123984650241
1290,1104668310967279616,1196992360644628481
1291,1104668310967279616,1194917630320103424
1292,1104668310967279616,1128858535591235584
1293,1104668310967279616,1128858535591235584
1294,1104668310967279616,1185222021996634112
1295,1095617208506433536,137857547
1296,1145887379762270208,2808941588
1297,213213134,1217080125369438210
1298,213213134,851040615789862912
1299,213213134,1859171004
1300,213213134,3247270494
1301,850134721199652864,997095300236853250
1302,850134721199652864,2591402142
1303,850134721199652864,4766188938
1304,850134721199652864,1153914005532004352
1305,850134721199652864,1153914005532004352
1306,850134721199652864,818091150141583361
1307,850134721199652864,4616324473
1308,850134721199652864,869511966783545344
1309,850134721199652864,801437772028354560
1310,850134721199652864,865064923939840000
1311,850134721199652864,2808941588
1312,850134721199652864,878743546349502464
1313,1218040235461734401,1336698314
1314,1218040235461734401,3781739292
1315,1218040235461734401,3781739292
1316,1218040235461734401,3781739292
1317,1218040235461734401,3781739292
1318,3017340654,2467339838
1319,3017340654,1172816484604579840
1320,3017340654,1172816484604579840
1321,3017340654,1170867354021982208
1322,3017340654,1159861785932922881
1323,3017340654,1336698314
1324,3017340654,3781739292
1325,3017340654,3781739292
1326,3017340654,3781739292
1327,3017340654,3781739292
1328,1632712338,1119942330402783234
1329,1632712338,1219526428154155008
1330,1632712338,3007809169
1331,1632712338,1128858535591235584
1332,1632712338,1128858535591235584
1333,1632712338,1214179496816865280
1334,1104361937519824896,112480180
1335,1104361937519824896,1209704746191220736
1336,1104361937519824896,23961087
1337,1104361937519824896,2986368926
1338,1104361937519824896,1181493162591653888
1339,1104361937519824896,2995784497
1340,1104361937519824896,970637290945986560
1341,1104361937519824896,900487228966617088
1342,1104361937519824896,1219938017235746816
1343,1104361937519824896,2538651966
1344,1104361937519824896,1035470327059378176
1345,1104361937519824896,1154960967442190337
1346,1104361937519824896,99205624
1347,1104361937519824896,974202454970572801
1348,1104361937519824896,705237576425168897
1349,1104361937519824896,1009053319
1350,1104361937519824896,761468129436323840
1351,1104361937519824896,1214390639971880962
1352,1104361937519824896,955828920464502785
1353,1104361937519824896,899228891520172032
1354,1104361937519824896,1069605914754277376
1355,1104361937519824896,803219031545167872
1356,1104361937519824896,885316365124419584
1357,1104361937519824896,130979670
1358,1104361937519824896,992718337372123137
1359,1104361937519824896,731678526160523265
1360,1104361937519824896,1368830592
1361,1104361937519824896,745984333840670721
1362,1104361937519824896,265462952
1363,1104361937519824896,1172816484604579840
1364,1104361937519824896,1172816484604579840
1365,1104361937519824896,1014990937
1366,1104361937519824896,1104611032582938624
1367,1104361937519824896,1171277457485262848
1368,1104361937519824896,2953095848
1369,1104361937519824896,137857547
1370,1104361937519824896,1000762715684532224
1371,1104361937519824896,149132541
1372,1104361937519824896,2522488327
1373,1104361937519824896,1159861785932922881
1374,1104361937519824896,1094883880891408385
1375,1104361937519824896,847315328744865793
1376,1104361937519824896,1137350535340683264
1377,1104361937519824896,1336698314
1378,1104361937519824896,1187517058394673152
1379,1209017780525125633,2986368926
1380,1209017780525125633,1190283689713815552
1381,1209017780525125633,863397297287159808
1382,1209017780525125633,2467339838
1383,324818592,137857547
1384,324818592,2848085012
1385,324818592,1429984261
1386,324818592,1457389459
1387,324818592,2991124760
1388,324818592,264250655
1389,324818592,2808941588
1390,324818592,473771848
1391,324818592,869511966783545344
1392,324818592,1859171004
1393,324818592,865064923939840000
1394,324818592,592506046
1395,324818592,753066658340536320
1396,324818592,753066658340536320
1397,324818592,3611048172
1398,324818592,843248705620738048
1399,324818592,754586993732890628
1400,1051497963913019393,1153914005532004352
1401,1051497963913019393,1153914005532004352
1402,1051497963913019393,2591402142
1403,1051497963913019393,997095300236853250
1404,1051497963913019393,869511966783545344
1405,1111185929761222656,3781739292
1406,1111185929761222656,3781739292
1407,1111185929761222656,3781739292
1408,1111185929761222656,3781739292
1409,1111185929761222656,1000762715684532224
1410,834951775484428288,1141244468802097154
1411,834951775484428288,1141244468802097154
1412,834951775484428288,119710810
1413,834951775484428288,2467339838
1414,2229210211,137857547
1415,2229210211,1211231810157346817
1416,2229210211,2279991858
1417,2229210211,2467339838
1418,2229210211,1209017780525125633
1419,2229210211,785115737048231936
1420,2229210211,1103548121513046016
1421,2229210211,1103548121513046016
1422,2229210211,1198864286719692800
1423,2229210211,1186158530786516992
1424,2229210211,1073969322928701442
1425,941295526569324544,1217080125369438210
1426,941295526569324544,137857547
1427,941295526569324544,2848085012
1428,941295526569324544,1457389459
1429,941295526569324544,939586735826194432
1430,941295526569324544,213213134
1431,941295526569324544,264250655
1432,941295526569324544,753066658340536320
1433,941295526569324544,753066658340536320
1434,941295526569324544,938312303497351171
1435,941295526569324544,851040615789862912
1436,941295526569324544,114172774
1437,941295526569324544,473771848
1438,941295526569324544,3247270494
1439,941295526569324544,122043137
1440,941295526569324544,2991124760
1441,941295526569324544,865064923939840000
1442,878743546349502464,1153914005532004352
1443,878743546349502464,1153914005532004352
1444,878743546349502464,850134721199652864
1445,966339124989865984,3781739292
1446,966339124989865984,3781739292
1447,966339124989865984,3781739292
1448,966339124989865984,3781739292
1449,966339124989865984,1196992360644628481
1450,966339124989865984,1964727108
1451,966339124989865984,1209010365532536832
1452,966339124989865984,1188750563921383424
1453,966339124989865984,1204030754658770944
1454,790223113019531266,803219031545167872
1455,790223113019531266,2467339838
1456,1021492906463395840,1194895677681065984
1457,1021492906463395840,890430793318670336
1458,1021492906463395840,890430793318670336
1459,1021492906463395840,1043386103468711936
1460,1021492906463395840,977358725299167232
1461,1021492906463395840,2741992800
1462,1021492906463395840,1011576736662708225
1463,1021492906463395840,989880640035176453
1464,1021492906463395840,1001869849428033536
1465,1021492906463395840,836181447677370368
1466,1021492906463395840,2995784497
1467,1021492906463395840,3186302838
1468,408232285,1141244468802097154
1469,408232285,1141244468802097154
1470,785115737048231936,1209017780525125633
1471,785115737048231936,2467339838
1472,785115737048231936,1211231810157346817
1473,785115737048231936,2229210211
1474,785115737048231936,1198864286719692800
1475,785115737048231936,1103548121513046016
1476,785115737048231936,1103548121513046016
1477,785115737048231936,728242563342176258
1478,785115737048231936,1194549332055183361
1479,785115737048231936,783214
1480,1031183514530603011,1153914005532004352
1481,1031183514530603011,1153914005532004352
1482,1031183514530603011,1158958154375262208
1483,1031183514530603011,997095300236853250
1484,1031183514530603011,801437772028354560
1485,1009053319,1159861785932922881
1486,1217270146969960448,1170867354021982208
1487,1217270146969960448,998222287525494784
1488,1217270146969960448,2467339838
1489,1217270146969960448,1189693824441806848
1490,1217270146969960448,2995784497
1491,1217270146969960448,3781739292
1492,1217270146969960448,3781739292
1493,1217270146969960448,3781739292
1494,1217270146969960448,3781739292
1495,1217270146969960448,1035470327059378176
1496,1217270146969960448,1336698314
1497,3029446762,964811420767469568
1498,1215417404911570949,1104668310967279616
1499,1215417404911570949,1128858535591235584
1500,1215417404911570949,1128858535591235584
1501,3781739292,1964727108
1502,3781739292,1169599548307558400
1503,3781739292,1169599548307558400
1504,3781739292,847315328744865793
1505,3781739292,1215278330112397314
1506,3781739292,1159861785932922881
1507,3781739292,890430793318670336
1508,3781739292,890430793318670336
1509,3781739292,3256620086
1510,3781739292,365352728
1511,3781739292,1122661852045959169
1512,3781739292,2332978009
1513,3781739292,3274098889
1514,3781739292,843864565716664321
1515,3781739292,1211203574698401793
1516,3781739292,1218040235461734401
1517,3781739292,966339124989865984
1518,3781739292,1217270146969960448
1519,3781739292,830268763962384384
1520,3781739292,846314212372594688
1521,3781739292,1163813416147939331
1522,3781739292,1038092301409509376
1523,3781739292,1214179496816865280
1524,3781739292,402137360
1525,3781739292,1137350535340683264
1526,3781739292,2957065604
1527,3781739292,1128858535591235584
1528,3781739292,1128858535591235584
1529,3781739292,938281603
1530,3781739292,860874372562558978
1531,3781739292,1033012110563848192
1532,3781739292,2175276342
1533,3781739292,869533912069951488
1534,3781739292,375386487
1535,3781739292,2359578283
1536,3781739292,2700843294
1537,3781739292,809967587199160320
1538,3781739292,803219031545167872
1539,3781739292,137857547
1540,3781739292,1166492759840178178
1541,3781739292,1156019898478317569
1542,728242563342176258,2279991858
1543,728242563342176258,1211231810157346817
1544,728242563342176258,1186158530786516992
1545,728242563342176258,1209017780525125633
1546,728242563342176258,785115737048231936
1547,728242563342176258,1103548121513046016
1548,728242563342176258,1103548121513046016
1549,728242563342176258,1198864286719692800
1550,1630313022,74674685
1551,1630313022,8733162
1552,114483804,213213134
1553,114483804,938312303497351171
1554,114483804,2848085012
1555,114483804,869511966783545344
1556,114483804,2991124760
1557,114483804,753066658340536320
1558,114483804,753066658340536320
1559,3126621218,1153914005532004352
1560,3126621218,1153914005532004352
1561,830268763962384384,938281603
1562,1126834487936016385,1101649296414277633
1563,1126834487936016385,846314212372594688
1564,998754431981076480,1163813416147939331
1565,998754431981076480,137857547
1566,998754431981076480,119710810
1567,998754431981076480,2522488327
1568,998754431981076480,971943769997131776
1569,998754431981076480,2995784497
1570,998754431981076480,1147844956888764418
1571,192034791,114352371
1572,1906931864,2808941588
1573,1906931864,2991124760
1574,1906931864,592506046
1575,761468129436323840,970637290945986560
1576,761468129436323840,1189693824441806848
1577,761468129436323840,968032759745622016
1578,1059800085402288129,3781739292
1579,1059800085402288129,3781739292
1580,1059800085402288129,3781739292
1581,1059800085402288129,3781739292
1582,1059800085402288129,2995784497
1583,125037905,60320929
1584,1200979378999422976,1197056636268863488
1585,1200979378999422976,2522488327
1586,1106953172159877120,119710810
1587,1106953172159877120,843672280982941697
1588,1033184963686948865,1007517954555035649
1589,1033184963686948865,1103548121513046016
1590,1033184963686948865,1103548121513046016
1591,1033184963686948865,1073969322928701442
1592,1033184963686948865,1166329931934003200
1593,1033184963686948865,1121759253335662592
1594,202215362,1217080125369438210
1595,202215362,137857547
1596,202215362,114172774
1597,202215362,865064923939840000
1598,202215362,753066658340536320
1599,202215362,753066658340536320
1600,202215362,2848085012
1601,202215362,3611048172
1602,4616324473,1046779873283342338
1603,4616324473,137857547
1604,4616324473,930020777209896960
1605,4616324473,1153914005532004352
1606,4616324473,1153914005532004352
1607,4616324473,1160822736077217792
1608,4616324473,2264478072
1609,4616324473,997095300236853250
1610,4616324473,3503222540
1611,846314212372594688,3781739292
1612,846314212372594688,3781739292
1613,846314212372594688,3781739292
1614,846314212372594688,3781739292
1615,846314212372594688,1156019898478317569
1616,846314212372594688,1126834487936016385
1617,1199663907138228225,137857547
1618,1199663907138228225,60320929
1619,2741686350,1194895677681065984
1620,2741686350,890430793318670336
1621,2741686350,890430793318670336
1622,2741686350,3118586363
1623,2741686350,1011576736662708225
1624,1197056636268863488,1117428474908561408
1625,1197056636268863488,1217455291622551554
1626,1197056636268863488,1194917630320103424
1627,1197056636268863488,1185222021996634112
1628,1197056636268863488,1088771223230722049
1629,1197056636268863488,1215096298472263680
1630,2304377690,2522488327
1631,2304377690,3147373625
1632,880792549677449216,1141244468802097154
1633,880792549677449216,1141244468802097154
1634,880792549677449216,149132541
1635,880792549677449216,3561931998
1636,1000762715684532224,2467339838
1637,1859171004,1457389459
1638,1859171004,4616324473
1639,1859171004,938312303497351171
1640,1859171004,213213134
1641,1859171004,137857547
1642,1859171004,753066658340536320
1643,1859171004,753066658340536320
1644,1859171004,865064923939840000
1645,1859171004,2991124760
1646,1859171004,189893767
1647,1859171004,592506046
1648,1859171004,122043137
1649,1158958154375262208,752545281221095424
1650,1158958154375262208,1087206157641383937
1651,1158958154375262208,801437772028354560
1652,1158958154375262208,1160822736077217792
1653,1158958154375262208,1031183514530603011
1654,1158958154375262208,1153914005532004352
1655,1158958154375262208,1153914005532004352
1656,1158958154375262208,818091150141583361
1657,1158958154375262208,2591402142
1658,1158958154375262208,997095300236853250
1659,955828920464502785,1172816484604579840
1660,955828920464502785,1172816484604579840
1661,1003239120615829505,3781739292
1662,1003239120615829505,3781739292
1663,1003239120615829505,3781739292
1664,1003239120615829505,3781739292
1665,825309871847256064,809967587199160320
1666,825309871847256064,761468129436323840
1667,825309871847256064,4687524012
1668,1647867222,1169599548307558400
1669,1647867222,1169599548307558400
1670,1647867222,1964727108
1671,1647867222,2467339838
1672,1647867222,1336698314
1673,1647867222,1000762715684532224
1674,1647867222,137857547
1675,1213650917297254400,1128858535591235584
1676,1213650917297254400,1128858535591235584
1677,1213650917297254400,1088771223230722049
1678,1213650917297254400,1203684366116720640
1679,1213650917297254400,3007809169
1680,1201117963413151744,863397297287159808
1681,1201117963413151744,2522488327
1682,1201117963413151744,2229210211
1683,968092093468962817,1159861785932922881
1684,968092093468962817,23961087
1685,122043137,2848085012
1686,122043137,137857547
1687,122043137,1906931864
1688,122043137,3611048172
1689,122043137,473771848
1690,122043137,843248705620738048
1691,122043137,1457389459
1692,3503222540,997095300236853250
1693,3503222540,1481025810
1694,3503222540,1153914005532004352
1695,3503222540,1153914005532004352
1696,3503222540,3411159024
1697,3503222540,2808941588
1698,1163813416147939331,137857547
1699,1143008211231895552,964811420767469568
1700,1143008211231895552,3029446762
1701,1170867354021982208,1217270146969960448
1702,1170867354021982208,869533912069951488
1703,1170867354021982208,851457662168387584
1704,1170867354021982208,1112569799337336834
1705,1170867354021982208,1159861785932922881
1706,1170867354021982208,803219031545167872
1707,1170867354021982208,2522488327
1708,1170867354021982208,2467339838
1709,1170867354021982208,840203521295237120
1710,1170867354021982208,761468129436323840
1711,1170867354021982208,970637290945986560
1712,1198864286719692800,132521693
1713,1198864286719692800,1172816484604579840
1714,1198864286719692800,1172816484604579840
1715,1198864286719692800,851457662168387584
1716,1198864286719692800,863397297287159808
1717,1198864286719692800,137857547
1718,1198864286719692800,1209017780525125633
1719,1198864286719692800,785115737048231936
1720,1198864286719692800,804602410328936448
1721,1198864286719692800,1186158530786516992
1722,1198864286719692800,2279991858
1723,1198864286719692800,2229210211
1724,1198864286719692800,1166329931934003200
1725,1198864286719692800,728242563342176258
1726,172691134,1140530892445646850
1727,172691134,3561931998
1728,172691134,462584388
1729,843248705620738048,1429984261
1730,843248705620738048,952836147155054592
1731,843248705620738048,11879022
1732,843248705620738048,213213134
1733,843248705620738048,752545281221095424
1734,843248705620738048,1457389459
1735,843248705620738048,1906931864
1736,843248705620738048,2264478072
1737,843248705620738048,1368786174
1738,843248705620738048,473771848
1739,843248705620738048,324818592
1740,843248705620738048,122043137
1741,843248705620738048,1859171004
1742,843248705620738048,590852358
1743,843248705620738048,2991124760
1744,843248705620738048,851040615789862912
1745,843248705620738048,869511966783545344
1746,843248705620738048,2848085012
1747,843248705620738048,3306955640
1748,843248705620738048,753066658340536320
1749,843248705620738048,753066658340536320
1750,843248705620738048,114483804
1751,843248705620738048,865064923939840000
1752,1185568038088658945,1153914005532004352
1753,1185568038088658945,1153914005532004352
1754,908703665933844480,60320929
1755,1157059878419984384,809967587199160320
1756,1095866561397612550,1217455291622551554
1757,1095866561397612550,1119942330402783234
1758,1095866561397612550,1215096298472263680
1759,1095866561397612550,1117428474908561408
1760,1207351762010529793,2522488327
1761,132463574,1154216693188534273
1762,1000343036281286656,58459939
1763,2848085012,1217080125369438210
1764,2848085012,137857547
1765,2848085012,213213134
1766,2848085012,324818592
1767,2848085012,952836147155054592
1768,2848085012,1429984261
1769,2848085012,473771848
1770,2848085012,1457389459
1771,2848085012,753066658340536320
1772,2848085012,753066658340536320
1773,2848085012,843248705620738048
1774,2848085012,869511966783545344
1775,1087206157641383937,818091150141583361
1776,1087206157641383937,1158958154375262208
1777,1087206157641383937,1153914005532004352
1778,1087206157641383937,1153914005532004352
1779,1087206157641383937,1156832567342989312
1780,1087206157641383937,1046779873283342338
1781,1087206157641383937,930020777209896960
1782,1087206157641383937,1031183514530603011
1783,1069605914754277376,2995784497
1784,1069605914754277376,966339124989865984
1785,1069605914754277376,1156019898478317569
1786,1214179496816865280,3781739292
1787,1214179496816865280,3781739292
1788,1214179496816865280,3781739292
1789,1214179496816865280,3781739292
1790,1214179496816865280,1128858535591235584
1791,1214179496816865280,1128858535591235584
1792,1214179496816865280,1203684366116720640
1793,1214179496816865280,1632712338
1794,992225650395176961,3191990324
1795,992225650395176961,3191990324
1796,992225650395176961,2995784497
1797,1183400566413647877,1011576736662708225
1798,1183400566413647877,890430793318670336
1799,1183400566413647877,890430793318670336
1800,1088771223230722049,1197056636268863488
1801,1088771223230722049,1213650917297254400
1802,1088771223230722049,1104668310967279616
1803,1088771223230722049,1159426974869118976
1804,1088771223230722049,1128858535591235584
1805,1088771223230722049,1128858535591235584
1806,1088771223230722049,1209010365532536832
1807,1088771223230722049,1204030754658770944
1808,1088771223230722049,1203684366116720640
1809,1088771223230722049,1128309748044943360
1810,1088771223230722049,1632712338
1811,179415721,1020454227334721536
1812,179415721,4687524012
1813,754586993732890628,137857547
1814,754586993732890628,865064923939840000
1815,754586993732890628,213213134
1816,754586993732890628,114172774
1817,754586993732890628,1457389459
1818,754586993732890628,324818592
1819,754586993732890628,952836147155054592
1820,754586993732890628,473771848
1821,754586993732890628,264250655
1822,754586993732890628,724589700564967425
1823,754586993732890628,2897433854
1824,754586993732890628,137500865
1825,754586993732890628,843248705620738048
1826,754586993732890628,592506046
1827,754586993732890628,189893767
1828,754586993732890628,403473849
1829,754586993732890628,753066658340536320
1830,754586993732890628,753066658340536320
1831,754586993732890628,3611048172
1832,1046779873283342338,4616324473
1833,1046779873283342338,1906931864
1834,1046779873283342338,1153914005532004352
1835,1046779873283342338,1153914005532004352
1836,1046779873283342338,134687225
1837,1046779873283342338,801437772028354560
1838,1046779873283342338,11879022
1839,803219031545167872,971943769997131776
1840,803219031545167872,1163813416147939331
1841,803219031545167872,840203521295237120
1842,803219031545167872,3781739292
1843,803219031545167872,3781739292
1844,803219031545167872,3781739292
1845,803219031545167872,3781739292
1846,803219031545167872,790223113019531266
1847,803219031545167872,1170867354021982208
1848,402137360,149132541
1849,402137360,3781739292
1850,402137360,3781739292
1851,402137360,3781739292
1852,402137360,3781739292
1853,1211026113301897216,1194917630320103424
1854,1211026113301897216,1209010365532536832
1855,1211026113301897216,1128858535591235584
1856,1211026113301897216,1128858535591235584
1857,1211026113301897216,1188750563921383424
1858,1211026113301897216,1204030754658770944
1859,1194549332055183361,785115737048231936
1860,1194549332055183361,1198864286719692800
1861,1194549332055183361,1103548121513046016
1862,1194549332055183361,1103548121513046016
1863,993028439631323137,1160822736077217792
1864,993028439631323137,1153914005532004352
1865,993028439631323137,1153914005532004352
1866,993028439631323137,2591402142
1867,993028439631323137,4616324473
1868,1137350535340683264,1169599548307558400
1869,1137350535340683264,1169599548307558400
1870,1137350535340683264,1964727108
1871,1137350535340683264,3781739292
1872,1137350535340683264,3781739292
1873,1137350535340683264,3781739292
1874,1137350535340683264,3781739292
1875,1137350535340683264,1172816484604579840
1876,1137350535340683264,1172816484604579840
1877,1137350535340683264,1214390639971880962
1878,1137350535340683264,1159405489265844225
1879,844095650367070208,890430793318670336
1880,844095650367070208,890430793318670336
1881,1117428474908561408,1197056636268863488
1882,1117428474908561408,1209010365532536832
1883,1117428474908561408,1128858535591235584
1884,1117428474908561408,1128858535591235584
1885,1117428474908561408,1203684366116720640
1886,1117428474908561408,1204030754658770944
1887,1117428474908561408,1188750563921383424
1888,2467339838,1209017780525125633
1889,2467339838,968032759745622016
1890,134045454,899931356053909504
1891,134045454,1115170181502734338
1892,1457389459,1217080125369438210
1893,1457389459,137857547
1894,1457389459,952836147155054592
1895,1457389459,1859171004
1896,1457389459,1429984261
1897,1457389459,189893767
1898,1457389459,2991124760
1899,1457389459,11879022
1900,1457389459,2848085012
1901,1457389459,473771848
1902,1457389459,324818592
1903,1457389459,754586993732890628
1904,1457389459,264250655
1905,1457389459,753066658340536320
1906,1457389459,753066658340536320
1907,1457389459,403473849
1908,1457389459,851040615789862912
1909,1457389459,114172774
1910,1457389459,592506046
1911,1457389459,865064923939840000
1912,938312303497351171,1153914005532004352
1913,938312303497351171,1153914005532004352
1914,938312303497351171,3247270494
1915,938312303497351171,1906931864
1916,938312303497351171,134687225
1917,938312303497351171,1071344471508283392
1918,938312303497351171,1859171004
1919,938312303497351171,114172774
1920,938312303497351171,753066658340536320
1921,938312303497351171,753066658340536320
1922,938312303497351171,2991124760
1923,938312303497351171,264250655
1924,130979670,1020454227334721536
1925,1136612088518856705,1169599548307558400
1926,1136612088518856705,1169599548307558400
1927,1136612088518856705,761468129436323840
1928,1136612088518856705,2467339838
1929,1136612088518856705,3191990324
1930,1136612088518856705,3191990324
1931,1136612088518856705,1159405489265844225
1932,1136612088518856705,2995784497
1933,1111497012225019904,3191990324
1934,1111497012225019904,3191990324
1935,1111497012225019904,1336698314
1936,1111497012225019904,1194895677681065984
1937,1111497012225019904,1194894166024572928
1938,1111497012225019904,977358725299167232
1939,1111497012225019904,2741992800
1940,1111497012225019904,1043386103468711936
1941,1111497012225019904,3118586363
1942,1111497012225019904,890430793318670336
1943,1111497012225019904,890430793318670336
1944,1111497012225019904,1011576736662708225
1945,1204030754658770944,1104668310967279616
1946,1204030754658770944,1159861785932922881
1947,899931356053909504,2829495248
1948,1012944324185604097,146392679
1949,1012944324185604097,717636564185026561
1950,403473849,1217080125369438210
1951,403473849,3611048172
1952,403473849,473771848
1953,403473849,851040615789862912
1954,403473849,1457389459
1955,403473849,869511966783545344
1956,403473849,843248705620738048
1957,403473849,753066658340536320
1958,403473849,753066658340536320
1959,403473849,2848085012
1960,403473849,865064923939840000
1961,869511966783545344,1217080125369438210
1962,869511966783545344,1153914005532004352
1963,869511966783545344,1153914005532004352
1964,869511966783545344,752545281221095424
1965,869511966783545344,997095300236853250
1966,869511966783545344,1071344471508283392
1967,869511966783545344,592506046
1968,869511966783545344,2264478072
1969,869511966783545344,114483804
1970,869511966783545344,865064923939840000
1971,869511966783545344,403473849
1972,869511966783545344,2848085012
1973,869511966783545344,843248705620738048
1974,869511966783545344,114172774
1975,869511966783545344,189893767
1976,1128858535591235584,1217455291622551554
1977,1128858535591235584,1119942330402783234
1978,1128858535591235584,1219526428154155008
1979,1128858535591235584,3781739292
1980,1128858535591235584,3781739292
1981,1128858535591235584,3781739292
1982,1128858535591235584,3781739292
1983,1128858535591235584,1209010365532536832
1984,1128858535591235584,1215096298472263680
1985,1128858535591235584,1124492123984650241
1986,1128858535591235584,3007809169
1987,1128858535591235584,1188750563921383424
1988,1128858535591235584,1207075155953930240
1989,1128858535591235584,1063680282501365760
1990,1128858535591235584,1185222021996634112
1991,1128858535591235584,1194917630320103424
1992,1128858535591235584,1104668310967279616
1993,1128858535591235584,1632712338
1994,1128858535591235584,1184828122866126850
1995,1128858535591235584,1197476911095484416
1996,1128858535591235584,1215417404911570949
1997,1128858535591235584,933208364309291008
1998,1128858535591235584,1196992360644628481
1999,1128858535591235584,1197056636268863488
2000,1128858535591235584,1213650917297254400
2001,1128858535591235584,1159426974869118976
2002,1128858535591235584,1088771223230722049
2003,1128858535591235584,1211026113301897216
2004,1128858535591235584,1117428474908561408
2005,1128858535591235584,1204030754658770944
2006,1128858535591235584,1194568173208489985
2007,1128858535591235584,1147899591372619777
2008,1128858535591235584,1176549837887508480
2009,1128858535591235584,566206968
2010,1128858535591235584,1200628338030608385
2011,1128858535591235584,1208007701294268416
2012,1128858535591235584,1203684366116720640
2013,1128858535591235584,1128309748044943360
2014,1128858535591235584,866142098663260160
2015,226876191,1060424919719141376
2016,1194568173208489985,1203684366116720640
2017,1194568173208489985,1209010365532536832
2018,1194568173208489985,1128309748044943360
2019,1194568173208489985,1128858535591235584
2020,1194568173208489985,1128858535591235584
2021,1194568173208489985,1204030754658770944
2022,1194568173208489985,1176549837887508480
2023,945319593446215681,2522488327
2024,945319593446215681,1189693824441806848
2025,945319593446215681,1159861785932922881
2026,1117716662101274624,1122502940206362624
2027,974436904702590976,137857547
2028,974436904702590976,1178167360361943041
2029,974436904702590976,1073969322928701442
2030,974436904702590976,1186158530786516992
2031,974436904702590976,1103548121513046016
2032,974436904702590976,1103548121513046016
2033,974436904702590976,1193136416525406208
2034,974436904702590976,132521693
2035,974436904702590976,1115170181502734338
2036,865064923939840000,1217080125369438210
2037,865064923939840000,850134721199652864
2038,865064923939840000,1071344471508283392
2039,865064923939840000,213213134
2040,865064923939840000,11879022
2041,865064923939840000,264250655
2042,865064923939840000,1429984261
2043,2264478072,1160822736077217792
2044,2264478072,4766188938
2045,2264478072,11879022
2046,2264478072,1153914005532004352
2047,2264478072,1153914005532004352
2048,731678526160523265,1368830592
2049,964811420767469568,2986368926
2050,964811420767469568,1169599548307558400
2051,964811420767469568,1169599548307558400
2052,964811420767469568,759610484022661124
2053,3118586363,1194895677681065984
2054,3118586363,1181120934385614850
2055,3118586363,890430793318670336
2056,3118586363,890430793318670336
2057,3118586363,1011576736662708225
2058,3118586363,2741992800
2059,3118586363,972488274001342464
2060,1125052457996865543,1140530892445646850
2061,1125052457996865543,1187517058394673152
2062,3129652874,863397297287159808
2063,3129652874,974436904702590976
2064,3129652874,1103548121513046016
2065,3129652874,1103548121513046016
2066,2333680964,8733162
2067,114172774,1217080125369438210
2068,114172774,754586993732890628
2069,114172774,11879022
2070,114172774,952836147155054592
2071,114172774,1429984261
2072,114172774,938312303497351171
2073,114172774,202215362
2074,114172774,753066658340536320
2075,114172774,753066658340536320
2076,114172774,1457389459
2077,114172774,473771848
2078,114172774,869511966783545344
2079,114172774,2848085012
2080,2967497460,869511966783545344
2081,2967497460,1153914005532004352
2082,2967497460,1153914005532004352
2083,2967497460,189893767
2084,2967497460,2808941588
2085,2967497460,2264478072
2086,2967497460,592506046
2087,2967497460,3411159024
2088,2967497460,997095300236853250
2089,2967497460,930020777209896960
2090,759610484022661124,1169599548307558400
2091,759610484022661124,1169599548307558400
2092,759610484022661124,1069605914754277376
2093,759610484022661124,756403246428815360
2094,3147373625,1214390639971880962
2095,3147373625,843672280982941697
2096,3147373625,1172816484604579840
2097,3147373625,1172816484604579840
2098,3147373625,1153914005532004352
2099,3147373625,1153914005532004352
2100,3147373625,137857547
2101,3147373625,860874372562558978
2102,3147373625,2986368926
2103,3147373625,1170867354021982208
2104,3147373625,1137350535340683264
2105,3147373625,2304377690
2106,3147373625,2467339838
2107,3147373625,1189693824441806848
2108,1176549837887508480,1209010365532536832
2109,1176549837887508480,1204030754658770944
2110,1176549837887508480,1128858535591235584
2111,1176549837887508480,1128858535591235584
2112,1176549837887508480,1194917630320103424
2113,1176549837887508480,1194568173208489985
2114,1176549837887508480,1117428474908561408
2115,1176549837887508480,1063680282501365760
2116,3151376016,1217080125369438210
2117,971943769997131776,1141244468802097154
2118,971943769997131776,1141244468802097154
2119,971943769997131776,840203521295237120
2120,1193136416525406208,1103548121513046016
2121,1193136416525406208,1103548121513046016
2122,1193136416525406208,974436904702590976
2123,2897433854,865064923939840000
2124,2897433854,753066658340536320
2125,2897433854,753066658340536320
2126,2897433854,754586993732890628
2127,2897433854,264250655
2128,2897433854,137500865
2129,801437772028354560,137857547
2130,801437772028354560,1153914005532004352
2131,801437772028354560,1153914005532004352
2132,801437772028354560,930020777209896960
2133,745984333840670721,731678526160523265
2134,745984333840670721,834271340907491329
2135,1033012110563848192,137857547
2136,566206968,1211026113301897216
2137,566206968,1204030754658770944
2138,804602410328936448,1125052457996865543
2139,1122502940206362624,1187517058394673152
2140,1122502940206362624,1117716662101274624
2141,2279991858,1166329931934003200
2142,2279991858,728242563342176258
2143,2279991858,1190283689713815552
2144,2279991858,2229210211
2145,2279991858,1209017780525125633
2146,2279991858,1198864286719692800
2147,2279991858,2467339838
2148,2279991858,1103548121513046016
2149,2279991858,1103548121513046016
2150,2279991858,1073969322928701442
2151,2279991858,1186158530786516992
2152,264250655,1217080125369438210
2153,264250655,1429984261
2154,264250655,137857547
2155,264250655,1481025810
2156,264250655,202215362
2157,264250655,1071344471508283392
2158,264250655,11879022
2159,264250655,939586735826194432
2160,264250655,213213134
2161,264250655,114172774
2162,264250655,938312303497351171
2163,264250655,865064923939840000
2164,264250655,137500865
2165,264250655,754586993732890628
2166,264250655,473771848
2167,264250655,1457389459
2168,264250655,843248705620738048
2169,264250655,851040615789862912
2170,264250655,403473849
2171,264250655,2897433854
2172,264250655,753066658340536320
2173,264250655,753066658340536320
2174,1118823325818449921,2264478072
2175,1118823325818449921,1153914005532004352
2176,1118823325818449921,1153914005532004352
2177,1118823325818449921,930020777209896960
2178,265462952,3411159024
2179,265462952,1368830592
2180,265462952,731678526160523265
2181,265462952,834271340907491329
2182,2175276342,1153563614684438528
2183,2175276342,3781739292
2184,2175276342,3781739292
2185,2175276342,3781739292
2186,2175276342,3781739292
2187,2175276342,3191990324
2188,2175276342,3191990324
2189,1336698314,1647867222
2190,1336698314,1217270146969960448
2191,1336698314,1218040235461734401
2192,1336698314,1165239990726492160
2193,1336698314,2449619606
2194,1336698314,977358725299167232
2195,1336698314,1156019898478317569
2196,1336698314,2986368926
2197,1336698314,1011576736662708225
2198,1336698314,998222287525494784
2199,1336698314,851457662168387584
2200,1001869849428033536,137857547
2201,1001869849428033536,860874372562558978
2202,1001869849428033536,1159861785932922881
2203,1001869849428033536,1166492759840178178
2204,1001869849428033536,1181120934385614850
2205,1001869849428033536,1336698314
2206,1001869849428033536,1170867354021982208
2207,930020777209896960,1156832567342989312
2208,930020777209896960,4616324473
2209,930020777209896960,2264478072
2210,930020777209896960,3503222540
2211,930020777209896960,2967497460
2212,869533912069951488,3781739292
2213,869533912069951488,3781739292
2214,869533912069951488,3781739292
2215,869533912069951488,3781739292
2216,869533912069951488,1170867354021982208
2217,869533912069951488,2359578283
2218,1200628338030608385,3007809169
2219,1200628338030608385,1209010365532536832
2220,1200628338030608385,1203684366116720640
2221,1200628338030608385,1204030754658770944
2222,1200628338030608385,1128858535591235584
2223,1200628338030608385,1128858535591235584
2224,3186302838,205486589
2225,473771848,1217080125369438210
2226,473771848,137857547
2227,473771848,952836147155054592
2228,473771848,213213134
2229,473771848,264250655
2230,473771848,939586735826194432
2231,473771848,1429984261
2232,473771848,2808941588
2233,473771848,1457389459
2234,473771848,754586993732890628
2235,473771848,724589700564967425
2236,473771848,2848085012
2237,473771848,324818592
2238,473771848,403473849
2239,473771848,843248705620738048
2240,473771848,753066658340536320
2241,473771848,753066658340536320
2242,473771848,122043137
2243,473771848,3611048172
2244,473771848,865064923939840000
2245,473771848,851040615789862912
2246,473771848,202215362
2247,473771848,114172774
2248,473771848,3247270494
2249,473771848,189893767
2250,2320265804,809967587199160320
2251,1165239990726492160,1166328538565238786
2252,1165239990726492160,1336698314
2253,1165239990726492160,3191990324
2254,1165239990726492160,3191990324
2255,1165239990726492160,2995784497
2256,1165239990726492160,890430793318670336
2257,1165239990726492160,890430793318670336
2258,1165239990726492160,1164854761276862464
2259,1208007701294268416,1204030754658770944
2260,1208007701294268416,1128309748044943360
2261,1208007701294268416,1632712338
2262,1208007701294268416,1128858535591235584
2263,1208007701294268416,1128858535591235584
2264,840203521295237120,803219031545167872
2265,840203521295237120,1141244468802097154
2266,840203521295237120,1141244468802097154
2267,840203521295237120,1214390639971880962
2268,840203521295237120,1090136724695482369
2269,170670333,1140530892445646850
2270,724589700564967425,1906931864
2271,724589700564967425,753066658340536320
2272,724589700564967425,753066658340536320
2273,724589700564967425,473771848
2274,724589700564967425,754586993732890628
2275,724589700564967425,137500865
2276,724589700564967425,2897433854
2277,1156832567342989312,930020777209896960
2278,1156832567342989312,4766188938
2279,1156832567342989312,1087206157641383937
2280,1156832567342989312,1153914005532004352
2281,1156832567342989312,1153914005532004352
2282,2359578283,869533912069951488
2283,2359578283,2700843294
2284,1203684366116720640,1217455291622551554
2285,1203684366116720640,1194568173208489985
2286,1203684366116720640,1214179496816865280
2287,1203684366116720640,1215096298472263680
2288,1203684366116720640,1213650917297254400
2289,836181447677370368,1172816484604579840
2290,836181447677370368,1172816484604579840
2291,836181447677370368,2522488327
2292,836181447677370368,1170867354021982208
2293,836181447677370368,1159861785932922881
2294,836181447677370368,1137350535340683264
2295,774977615438372864,1141244468802097154
2296,774977615438372864,1141244468802097154
2297,774977615438372864,137857547
2298,132521693,1198864286719692800
2299,132521693,1194549332055183361
2300,132521693,1000762715684532224
2301,132521693,633106564
2302,997095300236853250,1219881714136141824
2303,997095300236853250,3503222540
2304,997095300236853250,1160822736077217792
2305,997095300236853250,592506046
2306,997095300236853250,1158958154375262208
2307,997095300236853250,1153914005532004352
2308,997095300236853250,1153914005532004352
2309,997095300236853250,4616324473
2310,997095300236853250,1051497963913019393
2311,997095300236853250,1031183514530603011
2312,997095300236853250,869511966783545344
2313,997095300236853250,2264478072
2314,997095300236853250,134687225
2315,997095300236853250,2591402142
2316,997095300236853250,2967497460
2317,997095300236853250,993028439631323137
2318,2700843294,2359578283
2319,984448806069534720,1336698314
2320,984448806069534720,2467339838
2321,1128309748044943360,1147899591372619777
2322,1128309748044943360,1194568173208489985
2323,1128309748044943360,1185222021996634112
2324,1128309748044943360,1197056636268863488
2325,1128309748044943360,1209010365532536832
2326,1128309748044943360,1208007701294268416
2327,1128309748044943360,1203684366116720640
2328,1128309748044943360,1128858535591235584
2329,1128309748044943360,1128858535591235584
2330,1132123377424986112,1204030754658770944
2331,1132123377424986112,3143283955
2332,1132123377424986112,1187517058394673152
2333,1186158530786516992,1000762715684532224
2334,1186158530786516992,863397297287159808
2335,1186158530786516992,1190283689713815552
2336,1186158530786516992,137857547
2337,1186158530786516992,1166329931934003200
2338,1186158530786516992,1209017780525125633
2339,1186158530786516992,1198864286719692800
2340,1186158530786516992,132521693
2341,1186158530786516992,2229210211
2342,1186158530786516992,633106564
2343,1186158530786516992,1103548121513046016
2344,1186158530786516992,1103548121513046016
2345,3306955640,258999740
2346,3306955640,1020454227334721536
2347,134687225,1153914005532004352
2348,134687225,1153914005532004352
2349,134687225,2264478072
2350,134687225,1046779873283342338
2351,134687225,938312303497351171
2352,134687225,997095300236853250
2353,1152235803763826689,1166492759840178178
2354,1152235803763826689,774977615438372864
2355,1152235803763826689,2986368926
2356,1152235803763826689,2467339838
2357,1152235803763826689,847315328744865793
2358,990503507487686656,3781739292
2359,990503507487686656,3781739292
2360,990503507487686656,3781739292
2361,990503507487686656,3781739292
2362,990503507487686656,2700843294
2363,843672280982941697,3147373625
2364,866142098663260160,933208364309291008
2365,866142098663260160,1128858535591235584
2366,866142098663260160,1128858535591235584
2367,3191990324,1166270456099295232
2368,3191990324,1166270456099295232
2369,3191990324,890430793318670336
2370,3191990324,890430793318670336
2371,3191990324,998222287525494784
2372,3191990324,847315328744865793
2373,3191990324,1166328538565238786
2374,3191990324,3781739292
2375,3191990324,3781739292
2376,3191990324,3781739292
2377,3191990324,3781739292
2378,4687524012,1140530892445646850
2379,590852358,3611048172
2380,590852358,137857547
2381,590852358,2991124760
2382,590852358,865064923939840000
2383,590852358,1906931864
2384,590852358,753066658340536320
2385,590852358,753066658340536320
2386,590852358,189893767
2387,590852358,843248705620738048
2388,590852358,801437772028354560
2389,1045725499173953537,1170513325664288769
2390,1045725499173953537,1160822736077217792
2391,1045725499173953537,1153914005532004352
2392,1045725499173953537,1153914005532004352
2393,1045725499173953537,403473849
2394,1045725499173953537,189893767
2395,1045725499173953537,993028439631323137
2396,1045725499173953537,2591402142
2397,1045725499173953537,2264478072
2398,1045725499173953537,997095300236853250
2399,1045725499173953537,869511966783545344
2400,1045725499173953537,134687225
2401,2953095848,1189693824441806848
2402,2953095848,1169599548307558400
2403,2953095848,1169599548307558400
2404,2953095848,3781739292
2405,2953095848,3781739292
2406,2953095848,3781739292
2407,2953095848,3781739292
2408,2953095848,1137350535340683264
2409,809967587199160320,3781739292
2410,809967587199160320,3781739292
2411,809967587199160320,3781739292
2412,809967587199160320,3781739292
2413,809967587199160320,964811420767469568
2414,809967587199160320,3029446762
2415,141302851,781217584477679617
2416,141302851,137857547
2417,1011576736662708225,1112569799337336834
2418,1011576736662708225,1336698314
2419,1011576736662708225,1194895677681065984
2420,1011576736662708225,1194894166024572928
2421,1011576736662708225,1189693824441806848
2422,1011576736662708225,2741686350
2423,1011576736662708225,1183400566413647877
2424,1011576736662708225,1647867222
2425,1011576736662708225,2741992800
2426,1011576736662708225,119710810
2427,1011576736662708225,977358725299167232
2428,1011576736662708225,3118586363
2429,1011576736662708225,1043386103468711936
2430,1011576736662708225,890430793318670336
2431,1011576736662708225,890430793318670336
2432,1011576736662708225,1021492906463395840
2433,1011576736662708225,3191990324
2434,1011576736662708225,3191990324
2435,1011576736662708225,2986368926
2436,1011576736662708225,1035470327059378176
2437,1011576736662708225,843672280982941697
